target	assay	ctcf_retained	ctcf_lost	rad21_retained	rad21_lost	atac_gained	atac_lost	n_experiments	factor_class
AEBP2	TF ChIP-seq	1.57446193846598	0.568561872909699	2.23490252020922	0.867302688638335	5.36013400335008	1.68473960999674	1	TF
ARNT	TF ChIP-seq	8.7895421060234	2.95800817539948	7.2753209700428	6.13857569625132	10.3852596314908	5.2822636943268	1	TF
ATF2	TF ChIP-seq	10.1328903654485	5.18766257896693	12.8388017118402	8.29719572130674	23.785594639866	16.288918881184	1	TF
BCL11A	TF ChIP-seq	16.3368481872021	5.53325901151988	18.4498335710889	12.0651440686133	32.998324958124	10.6157211337088	1	TF
BCL11B	TF ChIP-seq	17.5574173046367	5.1207729468599	19.9714693295292	12.5180688060133	32.4958123953099	9.92227858705264	1	TF
BCL6B	TF ChIP-seq	3.38725985844287	2.15161649944259	3.32857822158821	2.90064565866821	9.21273031825796	6.83203797645088	1	TF
BHLHE40	TF ChIP-seq	1.53835042611585	0.546265328874024	2.09224916785544	1.16604028139154	1.6750418760469	0.786522083120026	1	TF
CTBP1	TF ChIP-seq	6.89729885887621	3.67892976588629	6.94246314788397	5.98438855160451	9.21273031825796	6.52022152929678	1	TF
CTCF	TF ChIP-seq	64.5023833598151	57.4897807506503	25.2971944840704	55.406186759179	48.7437185929648	59.0263880485875	2	CTCF/Cohesin
EGR2	TF ChIP-seq	36.3570706341182	14.9721293199554	42.9862101759391	26.8381998650862	70.0167504187605	29.1943966119049	1	TF
ELF4	TF ChIP-seq	13.2818142423805	5.26198439241918	17.3561578697099	10.8316469114388	17.2529313232831	5.51030855866338	1	TF
FEZF1	TF ChIP-seq	11.5484616495739	7.12002972872538	14.2177841179268	11.1785679868941	23.785594639866	17.2709079908782	1	TF
FOXA1	TF ChIP-seq	0.122779141990467	0.263842437755481	0.285306704707561	0.240917413510649	0.16750418760469	0.735328338064877	1	TF
FOXK2	TF ChIP-seq	2.10891232124801	1.24489037532516	2.71041369472183	1.91770261154476	3.18257956448911	1.81039698422302	1	TF
FOXM1	TF ChIP-seq	11.9817997977755	3.99108138238573	12.0779838326201	7.88281777006842	14.2378559463987	5.76627728393913	1	TF
GFI1B	TF ChIP-seq	6.8684096489961	3.41137123745819	6.60960532572515	5.03999229064277	14.9078726968174	8.10257364918323	1	TF
GLI2	TF ChIP-seq	1.19890221002456	1.08138238573021	1.1887779362815	1.2624072467958	3.01507537688442	3.7650672499651	1	TF
GLI4	TF ChIP-seq	11.2956810631229	3.90561129691564	13.2667617689016	7.53589669461309	20.7705192629816	6.04551589333085	1	TF
GLIS1	TF ChIP-seq	45.8760652896143	20.8732813080639	46.980504041845	37.8143972246314	74.2043551088777	31.7168520500768	1	TF
GLIS2	TF ChIP-seq	43.1027011411238	17.3950204384987	48.5021398002853	32.6780379685844	68.676716917923	21.7061479033834	1	TF
H3K27ac	Histone ChIP-seq	37.6643073811931	17.3690078037904	46.8616262482168	30.1965886094247	56.8676716917923	19.1045748592172	2	Active mark
H3K36me3	Histone ChIP-seq	0.476671963021811	0.561129691564474	0.237755587256301	0.173460537727667	17.9229480737018	8.37250430492856	1	Active mark
H3K4me1	Histone ChIP-seq	4.79560884009822	4.3422519509476	2.16357584403233	3.40175387877036	42.6298157453936	22.9417787499418	2	Active mark
H3K4me3	Histone ChIP-seq	47.114690163224	20.3734671125975	59.8430813124108	36.696540425942	68.8442211055276	19.7840554754037	2	Active mark
H3K9me3	Histone ChIP-seq	0.0433338148201647	0.0204384986993683	0.0475511174512601	0.0144550448106389	0.921273031825796	0.556150230371853	2	Repressive mark
HDGF	TF ChIP-seq	8.84732052578362	2.02155332590115	14.0275796481217	6.09039221354919	20.7705192629816	3.69991157444036	1	TF
HIC1	TF ChIP-seq	26.4625162501806	10.2601263470829	30.4802662862577	19.7166811217115	48.2412060301507	16.456462046819	1	TF
IKZF3	TF ChIP-seq	32.890365448505	15.8900037160907	31.2886352829291	27.3778548713501	49.4137353433836	23.3583096756178	1	TF
INSM2	TF ChIP-seq	19.8179979777553	7.82608695652174	24.6314788397527	15.4861713404645	32.998324958124	12.9334015916601	1	TF
KLF1	TF ChIP-seq	37.0287447638307	14.1360089186176	49.548264384213	28.8522694420353	70.3517587939699	21.0220133103737	1	SP/KLF
KLF10	TF ChIP-seq	32.897587750975	12.032701597919	46.3147883975273	24.9590440397032	54.7738693467337	16.098105831433	1	SP/KLF
KLF16	TF ChIP-seq	31.5397948866099	11.0516536603493	40.9415121255349	23.3689891105329	48.5762144053601	13.8502350258296	1	SP/KLF
KLF17	TF ChIP-seq	37.4837498194424	13.6640654031958	41.5121255349501	29.6135684687289	56.4489112227806	19.6537441243543	1	SP/KLF
KLF7	TF ChIP-seq	21.4863498483316	7.29840208101078	27.4845458868283	16.2763804567794	38.1909547738693	10.3783683157258	1	SP/KLF
KLF8	TF ChIP-seq	45.2405026722519	16.9788182831661	57.8221588207323	35.7521441649802	69.179229480737	21.2267882905943	1	SP/KLF
KLF9	TF ChIP-seq	39.9682218691319	14.1657376439985	53.3523537803138	30.0954032957502	65.8291457286432	17.4384511565132	1	SP/KLF
L3MBTL2	TF ChIP-seq	34.4503827820309	15.9531772575251	38.1359961959106	27.7440493398863	51.2562814070352	18.0062363289431	1	TF
LEF1	TF ChIP-seq	6.12451249458327	2.33370494240059	6.37184973846885	3.93177218849378	11.892797319933	3.5602922697445	1	TF
MAZ	TF ChIP-seq	50.260002888921	20.4868078781122	58.1550166428911	41.245061193023	68.1742043551089	23.5491227253688	1	TF
MYNN	TF ChIP-seq	6.73118590206558	3.09178743961353	7.5130765572991	5.06890238026405	12.8978224455611	5.81747102899428	1	TF
MZF1	TF ChIP-seq	13.8451538350426	7.50650315867707	14.265335235378	12.2675146959622	21.4405360134003	13.3103737143389	1	TF
NFRKB	TF ChIP-seq	3.70504116712408	1.66852471200297	4.18449833571089	2.80427869326395	4.02010050251256	1.74989528552148	1	TF
OSR2	TF ChIP-seq	16.4379604217825	8.69193608324043	19.8288159771755	14.0984870386432	32.998324958124	18.4018243589147	1	TF
OVOL3	TF ChIP-seq	10.1834464827387	4.09884801189149	12.6485972420352	7.64190035655777	19.0954773869347	6.92511751291479	1	TF
PATZ1	TF ChIP-seq	50.2888920988011	20.9550353028614	54.2558250118878	39.5490026019081	70.3517587939699	24.9732396332666	1	TF
PKNOX1	TF ChIP-seq	20.8796764408493	12.2853957636566	27.3418925344746	17.5773344897369	35.678391959799	26.3647787034021	1	TF
PRDM1	TF ChIP-seq	16.2212913476816	11.0033444816054	12.0304327151688	13.4528283704346	40.7035175879397	29.5853306650533	1	TF
PRDM10	TF ChIP-seq	42.4671385237614	21.073950204385	46.0294816928198	35.5497735376313	67.0016750418761	32.7314189975334	1	TF
PRDM2	TF ChIP-seq	5.33005922288025	1.67967298402081	4.51735615786971	3.16083646525971	14.7403685092127	3.92795643877693	1	TF
PRDM4	TF ChIP-seq	17.4779719774664	7.93013749535489	18.7826913932477	13.7997494458899	31.3232830820771	14.7717224368223	1	TF
PRDM6	TF ChIP-seq	4.35504838942655	4.60795243403939	4.23204945316215	4.57743085670232	18.0904522613065	18.7276027365384	1	TF
RBAK	TF ChIP-seq	2.21724685829843	0.776662950575994	2.28245363766049	1.57078153608943	8.37520938023451	2.76446223297808	1	TF
REPIN1	TF ChIP-seq	11.9745774953055	4.16945373467113	14.7408464098906	8.66339018984292	19.9329983249581	6.28752268813701	1	TF
REST	TF ChIP-seq	17.3046367181858	7.47677443329617	18.1169757489301	13.4335549773538	31.1557788944724	14.3994042909666	1	TF
SALL2	TF ChIP-seq	2.18113534594829	0.691192865105908	2.37755587256301	1.22386046063409	5.36013400335008	1.95932424256527	1	TF
SCRT1	TF ChIP-seq	11.9023544706052	6.84875510962468	9.03471231573942	9.78124698853233	34.1708542713568	18.0853539349374	1	TF
SCRT2	TF ChIP-seq	24.4474938610429	13.5340022296544	21.3504517356158	19.7455912113328	58.4589614740369	33.913529110625	1	TF
SP1	TF ChIP-seq	3.27170301892243	0.520252694165738	9.08226343319068	1.70569528765539	12.2278056951424	0.879601619583934	1	SP/KLF
SP2	TF ChIP-seq	43.1099234435938	16.8784838350056	63.4807417974322	33.7380745880312	73.8693467336683	18.4390561735003	1	SP/KLF
SP3	TF ChIP-seq	44.3666040733786	17.0791527313266	63.0527817403709	35.8581478269249	69.6817420435511	18.4437101503235	1	SP/KLF
SP7	TF ChIP-seq	47.2988588762097	20.7209215904868	47.8364241559677	40.3199383251421	60.6365159128978	30.8558663377856	1	SP/KLF
SUZ12	TF ChIP-seq	0.938899321103568	0.479375696767001	2.1398002853067	1.05039992290643	2.17755443886097	0.539861311490669	1	TF
TARDBP	TF ChIP-seq	4.5789397659974	1.33036046079524	6.18164526866381	2.79464199672352	9.21273031825796	2.69930655745334	1	TF
TRIM28	TF ChIP-seq	17.8101978910877	11.4827201783724	16.7855444602948	19.0421123638817	20.2680067001675	16.7543165635035	1	TF
TSHZ1	TF ChIP-seq	10.5878954210602	4.44816053511706	13.3618640038041	8.24901223860461	19.0954773869347	9.26606785498208	1	TF
WT1	TF ChIP-seq	22.374693052145	9.59494611668525	27.056585829767	18.1940830683242	38.358458961474	17.1545585702983	1	TF
YY1	TF ChIP-seq	23.161924021378	9.4908955778521	27.8649548264384	17.8760720824901	35.678391959799	10.9228836040397	1	TF
YY2	TF ChIP-seq	17.8029755886176	6.42883686361947	22.0161673799334	13.462465066975	29.6482412060301	8.98217526876716	1	TF
ZBTB1	TF ChIP-seq	7.6845298281092	2.78706800445931	10.2710413694722	5.0881757733449	14.7403685092127	5.04956485316703	1	TF
ZBTB10	TF ChIP-seq	29.5753286147624	9.99256781865478	30.0998573466476	20.8730847065626	48.0737018425461	13.7106157211337	1	TF
ZBTB11	TF ChIP-seq	29.5897732197024	12.3894463024898	34.9025202092249	23.6388166136648	45.5611390284757	15.1626564899707	1	TF
ZBTB12	TF ChIP-seq	13.9679329770331	5.52582683017466	16.9757489300999	10.9087404837622	24.9581239530988	8.88909573230325	1	TF
ZBTB17	TF ChIP-seq	50.9605662285136	26.3396506874768	47.5035663338088	46.1212296424786	65.8291457286432	36.389444780565	1	TF
ZBTB20	TF ChIP-seq	37.360970677452	17.075436640654	43.1288635282929	30.0568565095885	60.9715242881072	21.4408712244613	1	TF
ZBTB21	TF ChIP-seq	18.8790986566517	8.22742474916388	24.3461721350452	15.1392502650092	32.8308207705193	13.7804253734816	1	TF
ZBTB26	TF ChIP-seq	47.8116423515817	19.4648829431438	58.3452211126961	38.1709549966272	66.8341708542714	19.7887094522269	1	TF
ZBTB44	TF ChIP-seq	17.5357503972266	8.37606837606837	17.2135045173562	14.7634190999325	26.1306532663317	14.8415320891702	1	TF
ZBTB48	TF ChIP-seq	34.3637151523906	14.5299145299145	33.8563956252972	27.6187722848607	53.6013400335008	20.5566156280542	1	TF
ZBTB49	TF ChIP-seq	0.642784919832443	0.349312523225567	1.04612458392772	0.530018309723427	1.6750418760469	0.819099920882394	1	TF
ZBTB6	TF ChIP-seq	18.0846453849487	7.28353771832033	20.5896338563956	13.7612026597282	34.8408710217755	11.7326755712757	1	TF
ZBTB7A	TF ChIP-seq	19.5074389715441	5.50724637681159	22.8245363766049	12.5662522887154	37.3534338358459	9.05663889793829	1	TF
ZBTB8A	TF ChIP-seq	42.3985266502961	18.9279078409513	44.8407037565383	35.8340560855739	63.4003350083752	23.5002559687253	2	TF
ZEB1	TF ChIP-seq	20.6702296692185	6.93050910442215	24.0133143128864	15.6210850920305	33.3333333333333	11.36035742542	1	TF
ZEB2	TF ChIP-seq	44.8432760364004	19.5503530286139	47.3133618640038	37.804760528091	55.4438860971524	26.220505421883	1	TF
ZFHX2	TF ChIP-seq	41.2754586162068	17.6105536975102	48.0266286257727	31.4445408114098	74.2043551088777	31.7494298878392	1	TF
ZFP3	TF ChIP-seq	3.09836775964177	1.26718691936083	3.09082263433191	2.3417172593235	8.87772194304858	3.54167636245172	1	TF
ZFP37	TF ChIP-seq	27.5458616206847	11.5273132664437	25.9153590109368	23.031704731618	32.3283082077052	16.3308046725927	1	TF
ZFP41	TF ChIP-seq	1.37223746930521	0.457079152731327	1.85449358059914	0.636021971668112	2.17755443886097	0.83306185135198	1	TF
ZFP69B	TF ChIP-seq	31.4097934421494	12.4377554812337	34.7598668568711	24.9494073431628	48.4087102177554	18.1272397263462	1	TF
ZFX	TF ChIP-seq	29.726996966633	11.8840579710145	36.6619115549215	22.2511323118435	47.4036850921273	13.2359100851678	1	TF
ZIC2	TF ChIP-seq	35.273725263614	17.238944630249	37.0898716119829	29.4882914137034	67.5041876046901	29.0128915158002	1	TF
ZNF10	TF ChIP-seq	16.6474071934133	7.76662950575994	17.6890156918688	13.5010118531367	30.9882747068677	14.5297156420161	1	TF
ZNF112	TF ChIP-seq	0.346670518561317	0.170940170940171	0.618164526866381	0.192733930808519	2.34505862646566	1.13091636803649	1	TF
ZNF114	TF ChIP-seq	0.31055900621118	0.104050538833148	0.523062291963861	0.115640358485111	1.00502512562814	0.739982314888072	1	TF
ZNF121	TF ChIP-seq	15.7662862920699	6.18729096989967	13.7422729434142	10.8798303941409	49.4137353433836	20.4542281379439	1	TF
ZNF132	TF ChIP-seq	0.115556839520439	0.0557413600891862	0.19020446980504	0.0289100896212778	0.33500837520938	0.269930655745334	1	TF
ZNF133	TF ChIP-seq	3.17781308681208	1.40468227424749	3.32857822158821	2.15862002505541	9.38023450586265	4.78428817424489	1	TF
ZNF138	TF ChIP-seq	1.11223458038423	0.330732069862505	1.23632905373276	0.539655006263853	3.3500837520938	1.24261181179318	1	TF
ZNF140	TF ChIP-seq	1.11945688285425	0.639167595689335	1.56918687589158	0.896212778259613	5.69514237855946	3.69525759761716	1	TF
ZNF146	TF ChIP-seq	9.26621406904521	3.51913786696395	11.69757489301	6.34094632360027	23.4505862646566	15.218504211849	1	TF
ZNF148	TF ChIP-seq	3.69059656218402	1.26347082868822	4.94531621493105	2.15862002505541	8.5427135678392	2.9506213059059	1	TF
ZNF155	TF ChIP-seq	0.736674851942799	0.367892976588629	1.14122681883024	0.530018309723427	3.3500837520938	1.08437659980453	1	TF
ZNF157	TF ChIP-seq	2.15224613606818	0.769230769230769	2.37755587256301	1.41659439144261	8.71021775544389	2.59691906734304	1	TF
ZNF16	TF ChIP-seq	2.72280803120035	1.03678929765886	2.37755587256301	1.8213356461405	7.87269681742044	2.44799180900079	1	TF
ZNF169	TF ChIP-seq	3.04781164235158	0.795243403939056	3.23347598668569	1.47441457068517	10.3852596314908	2.26648671289617	1	TF
ZNF174	TF ChIP-seq	1.30723674707497	0.587142326272761	1.14122681883024	0.770935723234075	2.51256281407035	1.47996462977614	1	TF
ZNF175	TF ChIP-seq	0.563339592662141	0.144927536231884	0.808368996671422	0.298737592753204	2.68006700167504	0.637594824777773	1	TF
ZNF18	TF ChIP-seq	12.8773653040589	6.07952434039391	13.3143128863528	11.4580321865664	27.6381909547739	13.1242146414111	1	TF
ZNF184	TF ChIP-seq	12.7329192546584	5.24712002972873	12.0304327151688	9.92579743663872	20.1005025125628	10.5040256899521	1	TF
ZNF189	TF ChIP-seq	36.9420771341904	17.2538089929394	36.566809320019	31.1458032186566	55.2763819095477	25.8807651137897	1	TF
ZNF19	TF ChIP-seq	0.852231691463238	0.52396878483835	1.09367570137898	0.838392599017057	2.34505862646566	1.39619304695863	1	TF
ZNF2	TF ChIP-seq	48.0860898454427	22.7350427350427	36.4717070851165	41.7268960200443	48.4087102177554	30.2043095825383	1	TF
ZNF202	TF ChIP-seq	1.2639029322548	0.709773318468971	1.23632905373276	0.92512286788089	6.03015075376884	3.47186671010378	1	TF
ZNF211	TF ChIP-seq	0.686118734652607	0.256410256410256	0.951022349025202	0.472198130480871	2.34505862646566	1.06110671568856	1	TF
ZNF214	TF ChIP-seq	0.671674129712552	0.360460795243404	0.665715644317642	0.472198130480871	1.6750418760469	1.23330385814679	1	TF
ZNF221	TF ChIP-seq	3.67615195724397	1.14083983649201	4.56490727532097	2.39953743856606	6.19765494137353	2.28975659701215	1	TF
ZNF223	TF ChIP-seq	6.03062256247292	2.22965440356745	5.99144079885877	4.33651344319167	14.9078726968174	4.93321543258715	1	TF
ZNF23	TF ChIP-seq	1.19167990755453	0.490523968784838	1.33143128863528	0.674568757829816	4.52261306532663	1.16349420579886	1	TF
ZNF239	TF ChIP-seq	6.15340170446338	2.19620958751394	7.70328102710414	4.05704924351932	14.2378559463987	4.08153767394238	1	TF
ZNF24	TF ChIP-seq	25.7547306081179	10.6837606837607	28.4355682358535	21.2585525681796	36.8509212730318	16.1446455996649	1	TF
ZNF248	TF ChIP-seq	0.917232413693486	0.263842437755481	1.09367570137898	0.520381613183001	2.34505862646566	1.47996462977614	1	TF
ZNF26	TF ChIP-seq	0.361115123501372	0.167224080267559	0.713266761768902	0.173460537727667	2.34505862646566	1.32638339461069	1	TF
ZNF263	TF ChIP-seq	36.1476238624874	17.3764399851356	27.1041369472183	31.8396453695673	54.2713567839196	26.839484339368	1	TF
ZNF266	TF ChIP-seq	1.92835475949733	0.798959494611669	2.18735140275796	1.11785679868941	8.04020100502512	3.30432354446875	1	TF
ZNF274	TF ChIP-seq	0.613895709952333	0.20066889632107	0.808368996671422	0.240917413510649	4.85762144053601	1.21003397403081	1	TF
ZNF280C	TF ChIP-seq	0.570561895132168	0.248978075065032	0.285306704707561	0.327647682374482	2.68006700167504	0.926141387815889	1	TF
ZNF280D	TF ChIP-seq	8.57287303192258	3.19955406911929	8.27389443651926	6.00366194468536	16.2479061976549	7.35328338064876	1	TF
ZNF292	TF ChIP-seq	0.527228080312004	0.185804533630621	1.09367570137898	0.212007323889371	3.18257956448911	1.18211011309164	1	TF
ZNF302	TF ChIP-seq	1.66112956810631	0.75436640654032	2.04469805040418	1.28168063987665	3.51758793969849	1.28449760320194	1	TF
ZNF311	TF ChIP-seq	0.570561895132168	0.263842437755481	0.713266761768902	0.289100896212778	3.85259631490787	1.24261181179318	1	TF
ZNF324	TF ChIP-seq	27.5241947132746	10.5425492382014	30.4802662862577	22.4053194564903	35.8458961474037	14.0782798901661	1	TF
ZNF335	TF ChIP-seq	53.0839231547017	26.0386473429952	55.6823585354256	44.6564517683338	71.8592964824121	32.2380974542747	1	TF
ZNF34	TF ChIP-seq	1.45890509894554	0.995912300260126	1.71184022824536	1.19495037101282	5.0251256281407	5.09145064457579	1	TF
ZNF341	TF ChIP-seq	34.7031633684819	15.8900037160907	41.6547788873038	28.0813337188012	60.4690117252931	22.1156978638246	1	TF
ZNF350	TF ChIP-seq	1.61779575328615	0.772946859903382	1.94959581550166	1.11785679868941	2.34505862646566	1.92209242797971	1	TF
ZNF354C	TF ChIP-seq	0.548894987722086	0.21553325901152	0.855920114122682	0.346921075455334	1.6750418760469	0.940103318285475	1	TF
ZNF362	TF ChIP-seq	10.4940054889499	6.88219992567819	7.18021873514028	8.53811313481738	26.1306532663317	16.4099222785871	1	TF
ZNF366	TF ChIP-seq	26.30362559584	13.4188034188034	27.5796481217309	22.3185891876265	47.571189279732	27.7283939125983	1	TF
ZNF37A	TF ChIP-seq	3.12725696952188	1.14827201783724	3.32857822158821	2.10079984581286	5.52763819095477	2.30371852748173	1	TF
ZNF384	TF ChIP-seq	6.49284992055467	6.55146785581568	3.09082263433191	5.39655006263853	17.2529313232831	14.0782798901661	1	TF
ZNF391	TF ChIP-seq	26.0725119167991	8.72909698996656	26.7237280076082	20.5839838103498	34.5058626465662	13.5663424396147	1	TF
ZNF394	TF ChIP-seq	31.5542394915499	13.422519509476	33.4284355682359	26.6358292377373	45.7286432160804	21.2360962442407	1	TF
ZNF398	TF ChIP-seq	24.4908276758631	10.9513192121888	27.4369947693771	18.6373711091838	48.9112227805695	17.3872574114581	1	TF
ZNF404	TF ChIP-seq	1.0255669507439	0.43106651802304	1.37898240608654	0.587838488965982	3.51758793969849	1.63354586494159	1	TF
ZNF416	TF ChIP-seq	1.51668351870576	0.490523968784838	1.85449358059914	0.886576081719187	4.69011725293132	1.22864988132359	1	TF
ZNF423	TF ChIP-seq	15.1740574895277	6.35079895949461	15.0261531145982	11.2652982557579	28.1407035175879	9.47549681202588	1	TF
ZNF426	TF ChIP-seq	0.585006500072223	0.271274619100706	0.570613409415121	0.337284378914908	2.68006700167504	3.44859682598781	1	TF
ZNF433	TF ChIP-seq	0.671674129712552	0.301003344481605	0.523062291963861	0.250554110051074	3.3500837520938	1.98724810350444	1	TF
ZNF449	TF ChIP-seq	21.1685685396504	8.82199925678187	23.6804564907275	17.0473161800135	37.5209380234506	14.7577605063527	1	TF
ZNF473	TF ChIP-seq	0.888343203813376	0.312151616499443	1.28388017118402	0.443288040859593	3.85259631490787	1.41015497742821	1	TF
ZNF48	TF ChIP-seq	0.180557561750686	0.0854700854700855	0.665715644317642	0.183097234268093	1.84254606365159	0.316470423977289	1	TF
ZNF488	TF ChIP-seq	2.13780153112812	1.27833519137867	2.56776034236805	1.85024573576178	6.53266331658291	2.49453157723275	1	TF
ZNF501	TF ChIP-seq	35.0787230969233	14.7380156075808	37.2325249643367	29.9701262407247	39.6984924623116	18.2482431237492	1	TF
ZNF510	TF ChIP-seq	1.78390871009678	1.02564102564103	1.61673799334284	1.55150814300858	3.51758793969849	3.30897752129194	1	TF
ZNF513	TF ChIP-seq	8.49342770475227	3.69007803790412	8.4640989063243	6.31203623397899	16.9179229480737	8.98682924559036	1	TF
ZNF514	TF ChIP-seq	0.592228802542251	0.21553325901152	0.618164526866381	0.395104558157464	2.17755443886097	1.07041466933495	1	TF
ZNF518A	TF ChIP-seq	15.9540661562906	8.13823857302118	19.020446980504	14.8212392791751	19.2629815745394	11.835063061386	1	TF
ZNF521	TF ChIP-seq	0.267225191391015	0.0966183574879227	0.713266761768902	0.0963669654042594	2.84757118927973	0.954065248755061	1	TF
ZNF529	TF ChIP-seq	0.881120901343348	0.5388331475288	0.998573466476462	0.645658668208538	3.3500837520938	2.41541397123842	1	TF
ZNF530	TF ChIP-seq	0.830564784053156	0.468227424749164	0.951022349025202	0.607111882046834	2.68006700167504	1.39619304695863	1	TF
ZNF544	TF ChIP-seq	0.462227358081756	0.222965440356745	0.665715644317642	0.30837428929363	3.01507537688442	1.06576069251175	1	TF
ZNF547	TF ChIP-seq	4.88227646973855	2.07729468599034	6.65715644317642	3.74867495422569	10.2177554438861	3.78833713408107	1	TF
ZNF548	TF ChIP-seq	2.38335981510906	0.92530657748049	2.61531145981931	1.62860171533198	7.37018425460637	2.78773211709406	1	TF
ZNF549	TF ChIP-seq	1.84890943232703	1.16313638052768	2.09224916785544	1.47441457068517	5.36013400335008	2.93200539861311	1	TF
ZNF555	TF ChIP-seq	0.231113679040878	0.174656261612783	0.475511174512601	0.0770935723234075	1.50753768844221	2.49918555405594	1	TF
ZNF558	TF ChIP-seq	9.08565650729453	4.3701226309922	9.93818354731336	7.80572419774501	17.4204355108878	9.89435472611346	1	TF
ZNF560	TF ChIP-seq	1.21334681496461	0.386473429951691	1.14122681883024	0.722752240531946	4.18760469011725	1.833666868339	1	TF
ZNF561	TF ChIP-seq	35.5553950599451	16.298773690078	35.9010936757014	30.31704731618	44.5561139028476	20.3239167868944	1	TF
ZNF571	TF ChIP-seq	0.296114401271125	0.111482720178372	0.713266761768902	0.163823841187241	2.51256281407035	0.874947642760739	1	TF
ZNF580	TF ChIP-seq	23.4724830275892	10.1783723522854	25.962910128388	18.666281198805	34.1708542713568	17.1731744775911	1	TF
ZNF585B	TF ChIP-seq	2.28224758052867	0.958751393534002	2.37755587256301	1.38768430182134	7.37018425460637	3.30897752129194	1	TF
ZNF596	TF ChIP-seq	11.057345081612	4.83091787439614	11.1745126010461	8.07555170087694	21.105527638191	10.0618978917485	1	TF
ZNF600	TF ChIP-seq	38.7187635418171	18.4764028242289	35.7108892058963	32.7744049339886	64.8241206030151	27.6446223297808	1	TF
ZNF610	TF ChIP-seq	23.161924021378	9.37569676700111	27.7223014740846	19.1095692396646	32.3283082077052	11.9281425978499	1	TF
ZNF621	TF ChIP-seq	0.729452549472772	0.208101077666295	1.52163575844032	0.35655777199576	3.3500837520938	1.2193419276772	1	TF
ZNF623	TF ChIP-seq	7.43897154412827	2.56410256410256	7.37042320494532	5.30981979377469	21.105527638191	8.81463210313213	1	TF
ZNF624	TF ChIP-seq	2.1305792286581	0.73950204384987	1.94959581550166	1.2624072467958	5.52763819095477	1.93605435844929	1	TF
ZNF626	TF ChIP-seq	1.99335548172757	1.24117428465255	2.23490252020922	1.63823841187241	2.17755443886097	2.28975659701215	1	TF
ZNF629	TF ChIP-seq	38.429871443016	16.9044964697139	43.509272467903	33.3044232437121	54.4388609715243	25.8528412528506	1	TF
ZNF639	TF ChIP-seq	23.1330348114979	8.75882571534745	25.5825011887779	18.3193601233497	32.6633165829146	14.264438963094	1	TF
ZNF645	TF ChIP-seq	4.39115990177669	1.45670754366407	4.70756062767475	2.3417172593235	12.8978224455611	3.31828547493833	1	TF
ZNF654	TF ChIP-seq	49.6099956666185	53.5823114083984	9.93818354731336	48.2509395779127	20.9380234505863	61.8513519802671	1	TF
ZNF658	TF ChIP-seq	1.12667918532428	0.334448160535117	1.94959581550166	0.703478847451094	3.68509212730318	0.949411271931866	1	TF
ZNF660	TF ChIP-seq	45.8688429871443	25.1021924934968	38.4688540180694	39.2117182229932	44.2211055276382	33.8437194582771	1	TF
ZNF664	TF ChIP-seq	7.33063700707786	4.64882943143813	5.61103185924869	5.83983810349812	24.9581239530988	17.7269977195514	1	TF
ZNF670	TF ChIP-seq	0.512783475371949	0.20066889632107	0.998573466476462	0.318010985834056	2.17755443886097	0.902871503699912	1	TF
ZNF677	TF ChIP-seq	5.74895276614185	1.95094760312152	5.13552068473609	3.11265298255758	14.070351758794	4.53297342579234	1	TF
ZNF680	TF ChIP-seq	2.26058067311859	1.46413972500929	2.09224916785544	1.93697600462561	8.71021775544389	5.1798762042165	1	TF
ZNF692	TF ChIP-seq	41.2465694063267	17.9412857673727	42.9386590584879	35.5305001445504	56.78391959799	24.3123749243729	1	TF
ZNF701	TF ChIP-seq	2.15946843853821	0.858416945373467	2.61531145981931	1.45514117760432	4.52261306532663	1.77781914646065	1	TF
ZNF704	TF ChIP-seq	2.79503105590062	0.917874396135266	3.47123157394199	1.72496868073624	7.20268006700168	1.4241169078978	1	TF
ZNF707	TF ChIP-seq	2.1305792286581	0.661464139725009	3.09082263433191	1.24313385371495	6.03015075376884	2.02447991809001	1	TF
ZNF747	TF ChIP-seq	0.794453271703019	0.185804533630621	0.855920114122682	0.433651344319167	4.35510887772194	1.02852887792619	1	TF
ZNF76	TF ChIP-seq	24.8447204968944	9.62839093273876	32.2396576319544	19.7166811217115	37.5209380234506	10.9228836040397	1	TF
ZNF768	TF ChIP-seq	4.91838798208869	2.15161649944259	4.08939610080837	3.44030066493206	12.8978224455611	6.10601759203239	1	TF
ZNF770	TF ChIP-seq	19.2546583850932	9.14901523597176	15.4541131716595	13.8864797147538	60.4690117252931	28.0588262670452	1	TF
ZNF776	TF ChIP-seq	1.24223602484472	0.583426235600149	1.4265335235378	0.770935723234075	3.51758793969849	1.84762879880858	1	TF
ZNF777	TF ChIP-seq	11.3967932977033	4.3998513563731	10.8416547788873	6.9480582056471	25.6281407035176	6.77619025457253	1	TF
ZNF785	TF ChIP-seq	11.9529105878954	3.87588257153475	13.8373751783167	7.74790401850246	24.6231155778894	6.23167496625867	1	TF
ZNF791	TF ChIP-seq	1.79113101256681	0.587142326272761	1.52163575844032	1.05039992290643	6.86767169179229	2.48987760040955	1	TF
ZNF792	TF ChIP-seq	7.91564350715008	2.94314381270903	8.7018544935806	5.55073720728534	17.0854271356784	5.11472052869177	1	TF
ZNF830	TF ChIP-seq	0.158890654340604	0.0668896321070234	0.237755587256301	0.0770935723234075	0.670016750418761	0.390934053148415	1	TF
ZNF837	TF ChIP-seq	3.60392893254369	1.14083983649201	4.08939610080837	2.0044328804086	11.2227805695142	2.49918555405594	1	TF
ZNF843	TF ChIP-seq	24.1224902498917	10.3344481605351	30.0047551117451	20.6321672930519	34.5058626465662	16.265648997068	1	TF
ZSCAN16	TF ChIP-seq	8.76065289614329	3.5042735042735	9.93818354731336	6.75532427483859	16.750418760469	6.38060222460092	1	TF
ZSCAN18	TF ChIP-seq	7.77119745774953	2.5455221107395	9.74797907750832	5.50255372458321	15.5778894472362	4.10946153488156	1	TF
ZSCAN21	TF ChIP-seq	24.736385959844	11.6276477146042	23.6329053732763	21.1910956923966	33.8358458961474	17.4896449015684	1	TF
ZSCAN23	TF ChIP-seq	11.9673551928355	4.39241917502787	14.2177841179268	8.68266358292377	19.2629815745394	7.40913110252711	1	TF
ZSCAN26	TF ChIP-seq	2.93947710530117	1.05908584169454	2.94816928197813	1.7827888599788	7.87269681742044	2.21994694466422	1	TF
ZSCAN30	TF ChIP-seq	42.9510327892532	19.5169082125604	37.0898716119829	36.6098101570782	45.8961474036851	25.6899520640387	1	TF
ZSCAN4	TF ChIP-seq	15.4990611006789	7.44704570791527	15.5016642891108	13.3275513154091	29.1457286432161	17.2197142458231	1	TF
ZSCAN5A	TF ChIP-seq	16.062400693341	5.55555555555556	19.2106514503091	10.8316469114388	28.1407035175879	7.58132824498534	1	TF
ZSCAN5C	TF ChIP-seq	6.96952188357648	4.80490523968785	5.56348074179743	6.44694998554496	13.9028475711893	12.4633499325173	1	TF
ZXDB	TF ChIP-seq	40.5965621840243	17.8186547751765	47.0280551592962	34.2680928977546	54.606365159129	22.4507841950947	1	TF
